Crash Year,Crash Month,Crash Day,Time of Day,City or Township,Crash: Intersection,Crash: Hit-and-Run,Lighting Conditions,Highway Class,Highway Number,Speed Limit at Crash Site,Weather Conditions (2016+),Worst Injury in Crash,Traffic Control,Trafficway,Crash Type,Total
2019,July,5,1:00 AM - 2:00 AM,Wayne County: Detroit,Not intersection crash,Hit-and-run,Dark lighted,"County road, city street, or unknown",Local road or unknown,25,Clear,Suspected minor injury (B),None,Not physically divided (two-way trafficway),Single motor vehicle,1
2019,August,5,8:00 PM - 9:00 PM,Wayne County: Detroit,Intersection crash,Not hit-and-run,Daylight,Michigan route,M-102\US-102,35,Clear,Suspected serious injury (A),Signal,"Divided highway, median strip, with traffic barrier",Other,1
2019,September,5,5:00 PM - 6:00 PM,Wayne County: Detroit,Intersection crash,Hit-and-run,Daylight,"County road, city street, or unknown",Local road or unknown,30,Clear,Possible injury (C),Signal,Not physically divided (two-way trafficway),Single motor vehicle,1
2019,October,5,8:00 AM - 9:00 AM,Wayne County: Dearborn Heights,Not intersection crash,Hit-and-run,Daylight,"County road, city street, or unknown",Local road or unknown,25,Unknown,Suspected minor injury (B),None,Not physically divided (two-way trafficway),Other,1
2019,October,5,12:00 noon - 1:00 PM,Wayne County: Detroit,Intersection crash,Not hit-and-run,Daylight,Michigan route,M-5,35,Cloudy,Suspected minor injury (B),Signal,Not physically divided (two-way trafficway),Other,1
2019,October,5,6:00 PM - 7:00 PM,Wayne County: Detroit,Intersection crash,Not hit-and-run,Daylight,Michigan route,M-8\US-8,30,Clear,Possible injury (C),Signal,Not physically divided (two-way trafficway),Other,1
2019,October,5,Unknown,Wayne County: Detroit,Intersection crash,Hit-and-run,Dark lighted,Michigan route,M-3,35,Clear,Suspected minor injury (B),Stop sign,Not physically divided (two-way trafficway),Single motor vehicle,1
2019,October,5,1:00 PM - 2:00 PM,Wayne County: Detroit,Intersection crash,Hit-and-run,Daylight,"County road, city street, or unknown",Local road or unknown,30,Cloudy,Possible injury (C),Signal,"Two-way, with continuous left-turn lane",Single motor vehicle,1
2019,October,5,9:00 PM - 10:00 PM,Wayne County: Detroit,Intersection crash,Hit-and-run,Dark lighted,"County road, city street, or unknown",Local road or unknown,35,Clear,Suspected minor injury (B),Signal,Not physically divided (two-way trafficway),Other,1
2019,December,5,3:00 PM - 4:00 PM,Wayne County: Redford Twp.,Not intersection crash,Not hit-and-run,Daylight,U.S. route,M-24\US-24\US-24BR,45,Clear,Suspected serious injury (A),None,"Divided highway, median strip, with traffic barrier",Single motor vehicle,1
2019,December,5,7:00 PM - 8:00 PM,Wayne County: Detroit,Intersection crash,Not hit-and-run,Dark lighted,Interstate route,M-75\I-75\I-75BL\I-75BS,35,Clear,No injury (O),Signal,Not physically divided (two-way trafficway),Other,1
2019,January,6,3:00 AM - 4:00 AM,Wayne County: Dearborn Heights,Not intersection crash,Not hit-and-run,Dark lighted,U.S. route,M-24\US-24\US-24BR,45,Clear,Suspected minor injury (B),None,"Divided highway, median strip, with traffic barrier",Rear-end,1
2019,January,6,10:00 PM - 11:00 PM,Wayne County: Dearborn Heights,Not intersection crash,Not hit-and-run,Dark lighted,"County road, city street, or unknown",Local road or unknown,35,Clear,Suspected serious injury (A),Signal,Not physically divided (two-way trafficway),Other,1
2019,January,6,9:00 PM - 10:00 PM,Wayne County: Detroit,Not intersection crash,Hit-and-run,Dark lighted,"County road, city street, or unknown",Local road or unknown,30,Clear,Suspected minor injury (B),None,"Two-way, with continuous left-turn lane",Other,1
2019,March,6,2:00 PM - 3:00 PM,Wayne County: Allen Park,Intersection crash,Not hit-and-run,Daylight,"County road, city street, or unknown",Local road or unknown,35,Clear,Suspected minor injury (B),Signal,Not physically divided (two-way trafficway),Single motor vehicle,1
2019,May,6,6:00 PM - 7:00 PM,Wayne County: Dearborn,Intersection crash,Not hit-and-run,Daylight,U.S. route,M-12\US-12\US-12BL\US-12BR,35,Cloudy,Suspected minor injury (B),Signal,Not physically divided (two-way trafficway),Single motor vehicle,1
2019,May,6,10:00 AM - 11:00 AM,Wayne County: Detroit,Not intersection crash,Not hit-and-run,Daylight,"County road, city street, or unknown",Local road or unknown,30,Clear,Possible injury (C),None,Not physically divided (two-way trafficway),Other,1
2019,May,6,5:00 PM - 6:00 PM,Wayne County: Detroit,Intersection crash,Not hit-and-run,Daylight,Michigan route,M-1,35,Rain,No injury (O),Signal,Not physically divided (two-way trafficway),Other,1
2019,June,6,1:00 AM - 2:00 AM,Wayne County: Detroit,Not intersection crash,Hit-and-run,Dark lighted,"County road, city street, or unknown",Local road or unknown,35,Clear,Suspected serious injury (A),None,Not physically divided (two-way trafficway),Single motor vehicle,1
2019,July,6,11:00 PM - 12:00 midnight,Wayne County: Ecorse,Not intersection crash,Not hit-and-run,Dark lighted,"County road, city street, or unknown",Local road or unknown,35,Clear,Suspected serious injury (A),None,"Two-way, with continuous left-turn lane",Other,1
2019,July,6,4:00 AM - 5:00 AM,Wayne County: Dearborn,Not intersection crash,Not hit-and-run,Dark lighted,Michigan route,M-153,45,Cloudy,Suspected serious injury (A),Signal,"Divided highway, median strip, with traffic barrier",Other,1
2019,July,6,6:00 PM - 7:00 PM,Wayne County: Detroit,Intersection crash,Not hit-and-run,Daylight,"County road, city street, or unknown",Local road or unknown,25,Rain,No injury (O),Stop sign,Not physically divided (two-way trafficway),Other,1
2019,August,6,5:00 PM - 6:00 PM,Wayne County: Lincoln Park,Intersection crash,Not hit-and-run,Daylight,Michigan route,M-85,45,Clear,Suspected serious injury (A),Signal,"Divided highway, median strip, with traffic barrier",Single motor vehicle,1
2019,August,6,8:00 AM - 9:00 AM,Wayne County: Detroit,Not intersection crash,Not hit-and-run,Daylight,"County road, city street, or unknown",Local road or unknown,25,Clear,Suspected serious injury (A),None,One-way trafficway,Other,1
2019,August,6,5:00 PM - 6:00 PM,Wayne County: Detroit,Not intersection crash,Not hit-and-run,Daylight,"County road, city street, or unknown",Local road or unknown,25,Clear,No injury (O),None,Not physically divided (two-way trafficway),Other,1
2019,August,6,10:00 PM - 11:00 PM,Wayne County: Detroit,Intersection crash,Not hit-and-run,Dark lighted,"County road, city street, or unknown",Local road or unknown,30,Clear,Suspected minor injury (B),None,Not physically divided (two-way trafficway),Other,1
2019,September,6,10:00 AM - 11:00 AM,Wayne County: Detroit,Intersection crash,Not hit-and-run,Daylight,Michigan route,M-3,35,Clear,Possible injury (C),Stop sign,Not physically divided (two-way trafficway),Single motor vehicle,1
2019,September,6,4:00 AM - 5:00 AM,Wayne County: Detroit,Intersection crash,Not hit-and-run,Dark lighted,"County road, city street, or unknown",Local road or unknown,25,Clear,Possible injury (C),Signal,Not physically divided (two-way trafficway),Other,1
2019,October,6,3:00 PM - 4:00 PM,Wayne County: Romulus,Intersection crash,Not hit-and-run,Daylight,"County road, city street, or unknown",Local road or unknown,25,Clear,No injury (O),Stop sign,One-way trafficway,Single motor vehicle,1
2019,October,6,9:00 PM - 10:00 PM,Wayne County: Detroit,Not intersection crash,Not hit-and-run,Dark lighted,Michigan route,M-1,25,Clear,Possible injury (C),None,Not physically divided (two-way trafficway),Other,1
2019,October,6,8:00 PM - 9:00 PM,Wayne County: Detroit,Intersection crash,Hit-and-run,Dusk,"County road, city street, or unknown",Local road or unknown,35,Clear,Suspected minor injury (B),None,"Two-way, with continuous left-turn lane",Single motor vehicle,1
2019,October,6,12:00 noon - 1:00 PM,Wayne County: Detroit,Intersection crash,Hit-and-run,Daylight,Michigan route,M-5,45,Cloudy,Suspected minor injury (B),Signal,Not physically divided (two-way trafficway),Other,1
2019,October,6,10:00 PM - 11:00 PM,Wayne County: Detroit,Intersection crash,Hit-and-run,Dark lighted,"County road, city street, or unknown",Local road or unknown,35,Clear,Possible injury (C),None,Not physically divided (two-way trafficway),Other,1
2019,November,6,4:00 PM - 5:00 PM,Wayne County: Dearborn,Not intersection crash,Hit-and-run,Daylight,"County road, city street, or unknown",Local road or unknown,25,Clear,Suspected minor injury (B),None,Not physically divided (two-way trafficway),Other,1
2019,November,6,6:00 PM - 7:00 PM,Wayne County: Detroit,Not intersection crash,Hit-and-run,Dark lighted,"County road, city street, or unknown",Local road or unknown,25,Clear,No injury (O),None,Not physically divided (two-way trafficway),Other,1
2019,November,6,5:00 AM - 6:00 AM,Wayne County: Detroit,Intersection crash,Hit-and-run,Dusk,"County road, city street, or unknown",Local road or unknown,30,Clear,No injury (O),Signal,Not physically divided (two-way trafficway),Single motor vehicle,1
2019,December,6,12:00 noon - 1:00 PM,Wayne County: Southgate,Intersection crash,Not hit-and-run,Daylight,"County road, city street, or unknown",Local road or unknown,25,Clear,Possible injury (C),Stop sign,Not physically divided (two-way trafficway),Single motor vehicle,1
2019,December,6,3:00 PM - 4:00 PM,Wayne County: Taylor,Not intersection crash,Not hit-and-run,Daylight,"County road, city street, or unknown",Local road or unknown,35,Clear,Suspected minor injury (B),None,Not physically divided (two-way trafficway),Other,1
2019,January,7,6:00 PM - 7:00 PM,Wayne County: Trenton,Not intersection crash,Not hit-and-run,Dark unlighted,"County road, city street, or unknown",Local road or unknown,25,Rain,Suspected minor injury (B),None,Not physically divided (two-way trafficway),Single motor vehicle,1
2019,January,7,3:00 PM - 4:00 PM,Wayne County: Inkster,Intersection crash,Not hit-and-run,Daylight,U.S. route,M-12\US-12\US-12BL\US-12BR,40,Clear,No injury (O),Signal,Not physically divided (two-way trafficway),Unknown,1
2019,January,7,6:00 PM - 7:00 PM,Wayne County: Detroit,Intersection crash,Not hit-and-run,Dark unlighted,"County road, city street, or unknown",Local road or unknown,25,Rain,Suspected serious injury (A),None,One-way trafficway,Single motor vehicle,1
2019,January,7,6:00 PM - 7:00 PM,Wayne County: Detroit,Not intersection crash,Hit-and-run,Dark unlighted,U.S. route,M-12\US-12\US-12BL\US-12BR,35,Rain,Suspected serious injury (A),None,Not physically divided (two-way trafficway),Single motor vehicle,1
2019,January,7,1:00 PM - 2:00 PM,Wayne County: Detroit,Not intersection crash,Hit-and-run,Daylight,"County road, city street, or unknown",Local road or unknown,30,Cloudy,Possible injury (C),None,"Divided highway, median strip, without traffic barrier",Other,1
2019,February,7,6:00 PM - 7:00 PM,Wayne County: Detroit,Intersection crash,Not hit-and-run,Dark lighted,"County road, city street, or unknown",Local road or unknown,25,Rain,Possible injury (C),Signal,"Two-way, with continuous left-turn lane",Single motor vehicle,1
2019,February,7,9:00 PM - 10:00 PM,Wayne County: Detroit,Intersection crash,Hit-and-run,Dark lighted,"County road, city street, or unknown",Local road or unknown,25,Clear,Possible injury (C),None,Not physically divided (two-way trafficway),Single motor vehicle,1
2019,February,7,9:00 PM - 10:00 PM,Wayne County: Detroit,Intersection crash,Hit-and-run,Dark lighted,"County road, city street, or unknown",Local road or unknown,25,Clear,Possible injury (C),None,Not physically divided (two-way trafficway),Other,1
2019,March,7,7:00 AM - 8:00 AM,Wayne County: Redford Twp.,Not intersection crash,Not hit-and-run,Daylight,"County road, city street, or unknown",Local road or unknown,25,Clear,Possible injury (C),None,Not physically divided (two-way trafficway),Single motor vehicle,1
2019,March,7,3:00 PM - 4:00 PM,Wayne County: Detroit,Not intersection crash,Not hit-and-run,Daylight,"County road, city street, or unknown",Local road or unknown,35,Clear,Possible injury (C),None,"Divided highway, median strip, without traffic barrier",Single motor vehicle,1
2019,March,7,9:00 PM - 10:00 PM,Wayne County: Detroit,Intersection crash,Hit-and-run,Dark lighted,"County road, city street, or unknown",Local road or unknown,Uncoded & errors,Clear,No injury (O),Stop sign,Not physically divided (two-way trafficway),Other,1
2019,April,7,4:00 PM - 5:00 PM,Wayne County: Detroit,Not intersection crash,Not hit-and-run,Daylight,"County road, city street, or unknown",Local road or unknown,25,Clear,Suspected serious injury (A),None,One-way trafficway,Single motor vehicle,1
2019,April,7,10:00 PM - 11:00 PM,Wayne County: Detroit,Not intersection crash,Hit-and-run,Dark lighted,"County road, city street, or unknown",Local road or unknown,35,Unknown,Suspected serious injury (A),Signal,"Two-way, with continuous left-turn lane",Single motor vehicle,1
2019,April,7,8:00 PM - 9:00 PM,Wayne County: Detroit,Intersection crash,Hit-and-run,Dark lighted,"County road, city street, or unknown",Local road or unknown,25,Clear,Possible injury (C),None,Not physically divided (two-way trafficway),Single motor vehicle,1
2019,April,7,9:00 PM - 10:00 PM,Wayne County: Detroit,Intersection crash,Hit-and-run,Dark lighted,"County road, city street, or unknown",Local road or unknown,35,Unknown,Suspected serious injury (A),Signal,"Divided highway, median strip, with traffic barrier",Other,1
2019,May,7,2:00 PM - 3:00 PM,Wayne County: Redford Twp.,Not intersection crash,Not hit-and-run,Daylight,"County road, city street, or unknown",Local road or unknown,35,Rain,Possible injury (C),None,One-way trafficway,Single motor vehicle,1
2019,May,7,7:00 AM - 8:00 AM,Wayne County: Detroit,Not intersection crash,Not hit-and-run,Daylight,"County road, city street, or unknown",Local road or unknown,35,Rain,Suspected minor injury (B),None,Not physically divided (two-way trafficway),Other,1
2019,June,7,11:00 AM - 12:00 noon,Wayne County: Canton Twp.,Not intersection crash,Not hit-and-run,Daylight,U.S. route,M-12\US-12\US-12BL\US-12BR,55,Clear,Suspected minor injury (B),None,Not physically divided (two-way trafficway),Other,1
2019,June,7,1:00 PM - 2:00 PM,Wayne County: Detroit,Not intersection crash,Not hit-and-run,Daylight,"County road, city street, or unknown",Local road or unknown,35,Clear,Fatal injury (K),None,"Divided highway, median strip, without traffic barrier",Single motor vehicle,1
2019,June,7,8:00 AM - 9:00 AM,Wayne County: Detroit,Intersection crash,Not hit-and-run,Daylight,"County road, city street, or unknown",Local road or unknown,25,Clear,Suspected serious injury (A),Signal,Not physically divided (two-way trafficway),Other,1
2019,June,7,9:00 PM - 10:00 PM,Wayne County: Detroit,Not intersection crash,Hit-and-run,Dusk,"County road, city street, or unknown",Local road or unknown,25,Clear,Suspected serious injury (A),None,Not physically divided (two-way trafficway),Other,1
2019,July,7,9:00 PM - 10:00 PM,Wayne County: Inkster,Not intersection crash,Hit-and-run,Daylight,"County road, city street, or unknown",Local road or unknown,25,Clear,Suspected serious injury (A),None,Not physically divided (two-way trafficway),Single motor vehicle,1
2019,July,7,1:00 PM - 2:00 PM,Wayne County: Detroit,Intersection crash,Not hit-and-run,Daylight,"County road, city street, or unknown",Local road or unknown,35,Clear,No injury (O),Signal,Not physically divided (two-way trafficway),Other,1
2019,August,7,10:00 PM - 11:00 PM,Wayne County: Detroit,Not intersection crash,Hit-and-run,Dark lighted,"County road, city street, or unknown",Local road or unknown,35,Clear,Possible injury (C),None,Not physically divided (two-way trafficway),Single motor vehicle,1
2019,September,7,8:00 PM - 9:00 PM,Wayne County: Plymouth,Not intersection crash,Not hit-and-run,Dark unlighted,"County road, city street, or unknown",Local road or unknown,25,Cloudy,Suspected minor injury (B),None,Not physically divided (two-way trafficway),Single motor vehicle,1
2019,October,7,4:00 PM - 5:00 PM,Wayne County: Detroit,Intersection crash,Not hit-and-run,Dusk,"County road, city street, or unknown",Local road or unknown,25,Clear,Suspected minor injury (B),Stop sign,"Divided highway, median strip, without traffic barrier",Single motor vehicle,1
2019,November,7,3:00 PM - 4:00 PM,Wayne County: Redford Twp.,Intersection crash,Not hit-and-run,Daylight,"County road, city street, or unknown",Local road or unknown,40,Clear,Suspected serious injury (A),Signal,Not physically divided (two-way trafficway),Single motor vehicle,1
2019,November,7,6:00 AM - 7:00 AM,Wayne County: Detroit,Not intersection crash,Not hit-and-run,Dark unlighted,"County road, city street, or unknown",Local road or unknown,35,Snow,Possible injury (C),None,"Divided highway, median strip, with traffic barrier",Other,1
2019,November,7,9:00 AM - 10:00 AM,Wayne County: Detroit,Intersection crash,Not hit-and-run,Daylight,"County road, city street, or unknown",Local road or unknown,25,Cloudy,Possible injury (C),Signal,"Divided highway, median strip, without traffic barrier",Single motor vehicle,1
2019,November,7,3:00 PM - 4:00 PM,Wayne County: Detroit,Intersection crash,Not hit-and-run,Daylight,"County road, city street, or unknown",Local road or unknown,25,Clear,Possible injury (C),Stop sign,Not physically divided (two-way trafficway),Single motor vehicle,1
2019,November,7,10:00 PM - 11:00 PM,Wayne County: Detroit,Intersection crash,Hit-and-run,Dark lighted,"County road, city street, or unknown",Local road or unknown,35,Clear,Possible injury (C),None,"Two-way, with continuous left-turn lane",Single motor vehicle,1
2019,December,7,6:00 PM - 7:00 PM,Wayne County: Detroit,Intersection crash,Not hit-and-run,Dark lighted,"County road, city street, or unknown",Local road or unknown,30,Clear,Suspected minor injury (B),Signal,"Two-way, with continuous left-turn lane",Other,1
2019,January,8,5:00 PM - 6:00 PM,Wayne County: Canton Twp.,Intersection crash,Not hit-and-run,Dark lighted,Michigan route,M-153,40,Clear,Possible injury (C),Signal,Not physically divided (two-way trafficway),Other,1
2019,January,8,9:00 PM - 10:00 PM,Wayne County: Canton Twp.,Not intersection crash,Hit-and-run,Daylight,"County road, city street, or unknown",Local road or unknown,25,Clear,Suspected minor injury (B),Signal,Not physically divided (two-way trafficway),Other,1
2019,January,8,6:00 PM - 7:00 PM,Wayne County: Hamtramck,Intersection crash,Not hit-and-run,Dark unlighted,"County road, city street, or unknown",Local road or unknown,25,Clear,Suspected minor injury (B),Signal,Not physically divided (two-way trafficway),Single motor vehicle,1
2019,January,8,2:00 PM - 3:00 PM,Wayne County: Detroit,Intersection crash,Not hit-and-run,Daylight,"County road, city street, or unknown",Local road or unknown,30,Clear,No injury (O),Signal,Not physically divided (two-way trafficway),Other,1
2019,January,8,5:00 PM - 6:00 PM,Wayne County: Detroit,Intersection crash,Not hit-and-run,Dawn,"County road, city street, or unknown",Local road or unknown,25,Rain,Possible injury (C),Stop sign,Not physically divided (two-way trafficway),Other,1
2019,February,8,11:00 PM - 12:00 midnight,Wayne County: Detroit,Not intersection crash,Hit-and-run,Dark unlighted,"County road, city street, or unknown",Local road or unknown,30,Blowing snow,Suspected serious injury (A),Stop sign,Not physically divided (two-way trafficway),Single motor vehicle,1
2019,March,8,3:00 PM - 4:00 PM,Wayne County: Dearborn,Intersection crash,Not hit-and-run,Daylight,U.S. route,M-12\US-12\US-12BL\US-12BR,Uncoded & errors,Clear,Possible injury (C),None,Not physically divided (two-way trafficway),Single motor vehicle,1
2019,March,8,8:00 AM - 9:00 AM,Wayne County: Detroit,Not intersection crash,Not hit-and-run,Daylight,"County road, city street, or unknown",Local road or unknown,30,Clear,Suspected minor injury (B),Signal,Not physically divided (two-way trafficway),Other,1
2019,March,8,9:00 PM - 10:00 PM,Wayne County: Detroit,Intersection crash,Hit-and-run,Dark lighted,"County road, city street, or unknown",Local road or unknown,25,Clear,Suspected serious injury (A),Yield sign,Not physically divided (two-way trafficway),Single motor vehicle,1
2019,April,8,11:00 PM - 12:00 midnight,Wayne County: Detroit,Not intersection crash,Hit-and-run,Daylight,"County road, city street, or unknown",Local road or unknown,25,Clear,Possible injury (C),None,Not physically divided (two-way trafficway),Unknown,1
2019,April,8,6:00 PM - 7:00 PM,Wayne County: Detroit,Intersection crash,Hit-and-run,Daylight,Michigan route,M-3,Uncoded & errors,Clear,No injury (O),Signal,Not physically divided (two-way trafficway),Single motor vehicle,1
2019,May,8,6:00 PM - 7:00 PM,Wayne County: Detroit,Intersection crash,Not hit-and-run,Daylight,Michigan route,M-53,35,Clear,Possible injury (C),Signal,Not physically divided (two-way trafficway),Angle,1
2019,May,8,4:00 AM - 5:00 AM,Wayne County: Detroit,Intersection crash,Not hit-and-run,Dark lighted,Michigan route,M-3,35,Clear,Possible injury (C),None,Not physically divided (two-way trafficway),Other,1
2019,June,8,5:00 PM - 6:00 PM,Wayne County: Detroit,Not intersection crash,Not hit-and-run,Daylight,"County road, city street, or unknown",Local road or unknown,25,Clear,No injury (O),Stop sign,Not physically divided (two-way trafficway),Other,1
2019,July,8,8:00 PM - 9:00 PM,Wayne County: Detroit,Intersection crash,Not hit-and-run,Dusk,"County road, city street, or unknown",Local road or unknown,35,Clear,Possible injury (C),Signal,Not physically divided (two-way trafficway),Angle,1
2019,July,8,12:00 midnight - 1:00 AM,Wayne County: Detroit,Not intersection crash,Hit-and-run,Dark lighted,Michigan route,M-3,35,Clear,Suspected minor injury (B),Signal,Not physically divided (two-way trafficway),Single motor vehicle,1
2019,July,8,9:00 PM - 10:00 PM,Wayne County: Detroit,Not intersection crash,Hit-and-run,Dark lighted,"County road, city street, or unknown",Local road or unknown,25,Clear,Suspected serious injury (A),None,Not physically divided (two-way trafficway),Single motor vehicle,1
2019,July,8,2:00 PM - 3:00 PM,Wayne County: Detroit,Intersection crash,Hit-and-run,Daylight,"County road, city street, or unknown",Local road or unknown,30,Clear,No injury (O),Signal,Not physically divided (two-way trafficway),Single motor vehicle,1
2019,August,8,8:00 PM - 9:00 PM,Wayne County: Detroit,Not intersection crash,Not hit-and-run,Daylight,"County road, city street, or unknown",Local road or unknown,25,Clear,No injury (O),None,Not physically divided (two-way trafficway),Other,1
2019,September,8,5:00 PM - 6:00 PM,Wayne County: Lincoln Park,Intersection crash,Hit-and-run,Daylight,"County road, city street, or unknown",Local road or unknown,25,Clear,Suspected serious injury (A),None,One-way trafficway,Single motor vehicle,1
2019,September,8,3:00 AM - 4:00 AM,Wayne County: Detroit,Intersection crash,Hit-and-run,Dark lighted,"County road, city street, or unknown",Local road or unknown,35,Clear,Suspected minor injury (B),None,Not physically divided (two-way trafficway),Other,1
2019,October,8,6:00 AM - 7:00 AM,Wayne County: Westland,Not intersection crash,Not hit-and-run,Dark unlighted,U.S. route,M-12\US-12\US-12BL\US-12BR,40,Clear,Suspected minor injury (B),Stop with flashing beacon,"Divided highway, median strip, with traffic barrier",Other,1
2019,October,8,4:00 PM - 5:00 PM,Wayne County: Detroit,Intersection crash,Not hit-and-run,Daylight,"County road, city street, or unknown",Local road or unknown,35,Clear,No injury (O),Signal,Not physically divided (two-way trafficway),Single motor vehicle,1
2019,November,8,6:00 AM - 7:00 AM,Wayne County: Canton Twp.,Not intersection crash,Not hit-and-run,Dark unlighted,"County road, city street, or unknown",Local road or unknown,25,Clear,Suspected minor injury (B),Stop sign,Not physically divided (two-way trafficway),Other,1
2019,November,8,3:00 PM - 4:00 PM,Wayne County: Grosse Pointe Park,Intersection crash,Not hit-and-run,Daylight,"County road, city street, or unknown",Local road or unknown,25,Clear,Suspected serious injury (A),None,Not physically divided (two-way trafficway),Single motor vehicle,1
2019,November,8,8:00 PM - 9:00 PM,Wayne County: Detroit,Intersection crash,Not hit-and-run,Dark lighted,Michigan route,M-3,35,Clear,Suspected serious injury (A),Signal,"Two-way, with continuous left-turn lane",Other,1
2019,December,8,9:00 PM - 10:00 PM,Wayne County: Detroit,Not intersection crash,Not hit-and-run,Dark lighted,Michigan route,M-3,35,Clear,Suspected minor injury (B),Signal,"Two-way, with continuous left-turn lane",Single motor vehicle,1
2019,January,9,7:00 PM - 8:00 PM,Wayne County: Lincoln Park,Intersection crash,Not hit-and-run,Dusk,"County road, city street, or unknown",Local road or unknown,25,Clear,No injury (O),Stop sign,Not physically divided (two-way trafficway),Single motor vehicle,1
2019,January,9,7:00 PM - 8:00 PM,Wayne County: Detroit,Intersection crash,Not hit-and-run,Dark lighted,"County road, city street, or unknown",Local road or unknown,Uncoded & errors,Clear,No injury (O),Signal,Not physically divided (two-way trafficway),Other,1
2019,January,9,3:00 PM - 4:00 PM,Wayne County: Detroit,Intersection crash,Hit-and-run,Daylight,"County road, city street, or unknown",Local road or unknown,25,Clear,No injury (O),None,Not physically divided (two-way trafficway),Single motor vehicle,1
2019,March,9,8:00 AM - 9:00 AM,Wayne County: Detroit,Intersection crash,Not hit-and-run,Daylight,"County road, city street, or unknown",Local road or unknown,25,Clear,Suspected minor injury (B),Signal,Not physically divided (two-way trafficway),Other,1
2019,March,9,10:00 PM - 11:00 PM,Wayne County: Detroit,Not intersection crash,Hit-and-run,Dark lighted,Michigan route,M-3,35,Rain,Fatal injury (K),None,Not physically divided (two-way trafficway),Other,1
2019,March,9,9:00 PM - 10:00 PM,Wayne County: Detroit,Intersection crash,Hit-and-run,Dark lighted,"County road, city street, or unknown",Local road or unknown,30,Rain,Possible injury (C),None,Not physically divided (two-way trafficway),Other,1
2019,April,9,6:00 AM - 7:00 AM,Wayne County: Highland Park,Not intersection crash,Not hit-and-run,Dark lighted,Michigan route,M-1,25,Clear,Suspected minor injury (B),None,Not physically divided (two-way trafficway),Single motor vehicle,1