Crash Year,Crash Month,Crash Day,Time of Day,City or Township,Crash: Intersection,Crash: Hit-and-Run,Lighting Conditions,Highway Class,Highway Number,Speed Limit at Crash Site,Weather Conditions (2016+),Worst Injury in Crash,Traffic Control,Trafficway,Crash Type,Total
2019,November,22,3:00 PM - 4:00 PM,Wayne County: Detroit,Intersection crash,Hit-and-run,Daylight,"County road, city street, or unknown",Local road or unknown,35,Clear,No injury (O),None,Not physically divided (two-way trafficway),Single motor vehicle,1
2019,December,22,9:00 AM - 10:00 AM,Wayne County: Dearborn,Intersection crash,Hit-and-run,Daylight,"County road, city street, or unknown",Local road or unknown,35,Clear,Possible injury (C),Signal,Not physically divided (two-way trafficway),Single motor vehicle,1
2019,December,22,11:00 PM - 12:00 midnight,Wayne County: Detroit,Not intersection crash,Hit-and-run,Dark unlighted,"County road, city street, or unknown",Local road or unknown,25,Clear,Possible injury (C),Yield sign,Not physically divided (two-way trafficway),Other,1
2019,December,22,3:00 PM - 4:00 PM,Wayne County: Detroit,Intersection crash,Hit-and-run,Daylight,"County road, city street, or unknown",Local road or unknown,35,Clear,Possible injury (C),Signal,"Two-way, with continuous left-turn lane",Single motor vehicle,1
2019,January,23,6:00 PM - 7:00 PM,Wayne County: Dearborn,Not intersection crash,Hit-and-run,Dark lighted,U.S. route,M-12\US-12\US-12BL\US-12BR,35,Cloudy,Suspected minor injury (B),None,Not physically divided (two-way trafficway),Other,1
2019,February,23,9:00 PM - 10:00 PM,Wayne County: Detroit,Not intersection crash,Hit-and-run,Dark lighted,"County road, city street, or unknown",Local road or unknown,35,Rain,Fatal injury (K),None,Not physically divided (two-way trafficway),Other,1
2019,February,23,5:00 PM - 6:00 PM,Wayne County: Detroit,Intersection crash,Hit-and-run,Dark lighted,"County road, city street, or unknown",Local road or unknown,25,Clear,No injury (O),Stop sign,One-way trafficway,Other,1
2019,March,23,7:00 AM - 8:00 AM,Wayne County: Detroit,Intersection crash,Not hit-and-run,Dark unlighted,"County road, city street, or unknown",Local road or unknown,35,Clear,Suspected serious injury (A),None,Not physically divided (two-way trafficway),Other,1
2019,April,23,3:00 PM - 4:00 PM,Wayne County: Melvindale,Not intersection crash,Not hit-and-run,Daylight,"County road, city street, or unknown",Local road or unknown,25,Clear,No injury (O),None,Not physically divided (two-way trafficway),Other,1
2019,April,23,11:00 PM - 12:00 midnight,Wayne County: Detroit,Intersection crash,Not hit-and-run,Dark lighted,Michigan route,M-102\US-102,Uncoded & errors,Clear,No injury (O),Signal,Not physically divided (two-way trafficway),Other,1
2019,May,23,9:00 AM - 10:00 AM,Wayne County: Grosse Pointe,Not intersection crash,Not hit-and-run,Daylight,"County road, city street, or unknown",Local road or unknown,25,Clear,Possible injury (C),None,Not physically divided (two-way trafficway),Other,1
2019,May,23,3:00 PM - 4:00 PM,Wayne County: Detroit,Not intersection crash,Not hit-and-run,Daylight,"County road, city street, or unknown",Local road or unknown,35,Clear,No injury (O),None,"Two-way, with continuous left-turn lane",Rear-end,1
2019,May,23,6:00 PM - 7:00 PM,Wayne County: Detroit,Intersection crash,Not hit-and-run,Daylight,Michigan route,M-1,30,Clear,Possible injury (C),None,Not physically divided (two-way trafficway),Single motor vehicle,1
2019,May,23,9:00 AM - 10:00 AM,Wayne County: Detroit,Intersection crash,Not hit-and-run,Daylight,Michigan route,M-3,Uncoded & errors,Clear,No injury (O),Signal,Not physically divided (two-way trafficway),Single motor vehicle,1
2019,May,23,5:00 PM - 6:00 PM,Wayne County: Detroit,Intersection crash,Not hit-and-run,Daylight,"County road, city street, or unknown",Local road or unknown,25,Clear,Possible injury (C),None,Not physically divided (two-way trafficway),Single motor vehicle,1
2019,May,23,5:00 PM - 6:00 PM,Wayne County: Detroit,Intersection crash,Not hit-and-run,Daylight,"County road, city street, or unknown",Local road or unknown,30,Clear,Possible injury (C),Signal,"Divided highway, median strip, without traffic barrier",Single motor vehicle,1
2019,May,23,11:00 AM - 12:00 noon,Wayne County: Detroit,Intersection crash,Hit-and-run,Daylight,"County road, city street, or unknown",Local road or unknown,35,Cloudy,Possible injury (C),Signal,One-way trafficway,Other,1
2019,June,23,2:00 PM - 3:00 PM,Wayne County: Detroit,Not intersection crash,Not hit-and-run,Daylight,"County road, city street, or unknown",Local road or unknown,30,Clear,Fatal injury (K),None,Not physically divided (two-way trafficway),Single motor vehicle,1
2019,June,23,6:00 PM - 7:00 PM,Wayne County: Detroit,Intersection crash,Hit-and-run,Daylight,"County road, city street, or unknown",Local road or unknown,25,Clear,Possible injury (C),Signal,Not physically divided (two-way trafficway),Single motor vehicle,1
2019,June,23,11:00 PM - 12:00 midnight,Wayne County: Detroit,Intersection crash,Hit-and-run,Dark lighted,"County road, city street, or unknown",Local road or unknown,35,Clear,Possible injury (C),Signal,"Two-way, with continuous left-turn lane",Other,1
2019,July,23,8:00 AM - 9:00 AM,Wayne County: Detroit,Not intersection crash,Not hit-and-run,Daylight,"County road, city street, or unknown",Local road or unknown,25,Clear,Suspected minor injury (B),Signal,"Divided highway, median strip, without traffic barrier",Other,1
2019,August,23,12:00 midnight - 1:00 AM,Wayne County: Woodhaven,Not intersection crash,Not hit-and-run,Dark lighted,"County road, city street, or unknown",Local road or unknown,45,Cloudy,Suspected serious injury (A),None,"Two-way, with continuous left-turn lane",Other,1
2019,August,23,1:00 PM - 2:00 PM,Wayne County: Grosse Pointe Woods,Not intersection crash,Not hit-and-run,Daylight,"County road, city street, or unknown",Local road or unknown,25,Clear,Suspected minor injury (B),None,Not physically divided (two-way trafficway),Other,1
2019,August,23,5:00 PM - 6:00 PM,Wayne County: Detroit,Not intersection crash,Not hit-and-run,Daylight,"County road, city street, or unknown",Local road or unknown,25,Clear,Suspected serious injury (A),None,Not physically divided (two-way trafficway),Single motor vehicle,1
2019,August,23,6:00 PM - 7:00 PM,Wayne County: Detroit,Intersection crash,Not hit-and-run,Dusk,"County road, city street, or unknown",Local road or unknown,30,Clear,Possible injury (C),None,Not physically divided (two-way trafficway),Other,1
2019,August,23,11:00 PM - 12:00 midnight,Wayne County: Detroit,Intersection crash,Hit-and-run,Dark lighted,Michigan route,M-3,30,Clear,No injury (O),Signal,"Divided highway, median strip, without traffic barrier",Other,1
2019,September,23,9:00 PM - 10:00 PM,Wayne County: Brownstown Twp.,Not intersection crash,Not hit-and-run,Dark lighted,"County road, city street, or unknown",Local road or unknown,45,Clear,No injury (O),None,Not physically divided (two-way trafficway),Other,1
2019,September,23,3:00 PM - 4:00 PM,Wayne County: Detroit,Not intersection crash,Not hit-and-run,Daylight,"County road, city street, or unknown",Local road or unknown,25,Clear,Possible injury (C),Signal,Not physically divided (two-way trafficway),Single motor vehicle,1
2019,September,23,9:00 AM - 10:00 AM,Wayne County: Detroit,Not intersection crash,Not hit-and-run,Daylight,"County road, city street, or unknown",Local road or unknown,35,Clear,Possible injury (C),Signal,Not physically divided (two-way trafficway),Other,1
2019,September,23,7:00 AM - 8:00 AM,Wayne County: Detroit,Intersection crash,Not hit-and-run,Daylight,"County road, city street, or unknown",Local road or unknown,35,Clear,Suspected serious injury (A),Signal,Not physically divided (two-way trafficway),Single motor vehicle,1
2019,September,23,6:00 AM - 7:00 AM,Wayne County: Detroit,Intersection crash,Not hit-and-run,Dark lighted,Connector,M-85,35,Clear,Suspected minor injury (B),Signal,Not physically divided (two-way trafficway),Other,1
2019,October,23,4:00 PM - 5:00 PM,Wayne County: Detroit,Not intersection crash,Hit-and-run,Daylight,"County road, city street, or unknown",Local road or unknown,25,Clear,Suspected minor injury (B),None,Not physically divided (two-way trafficway),Single motor vehicle,1
2019,December,23,1:00 PM - 2:00 PM,Wayne County: Grosse Pointe,Not intersection crash,Not hit-and-run,Daylight,"County road, city street, or unknown",Local road or unknown,25,Clear,Possible injury (C),Signal,Not physically divided (two-way trafficway),Single motor vehicle,1
2019,December,23,2:00 PM - 3:00 PM,Wayne County: Dearborn,Not intersection crash,Not hit-and-run,Daylight,"County road, city street, or unknown",Local road or unknown,35,Clear,Possible injury (C),Signal,Not physically divided (two-way trafficway),Other,1
2019,December,23,6:00 PM - 7:00 PM,Wayne County: Detroit,Intersection crash,Hit-and-run,Dark lighted,"County road, city street, or unknown",Local road or unknown,30,Clear,Possible injury (C),Signal,Not physically divided (two-way trafficway),Single motor vehicle,1
2019,January,24,5:00 PM - 6:00 PM,Wayne County: Detroit,Intersection crash,Not hit-and-run,Dusk,Michigan route,M-10\US-10\US-10BR,Uncoded & errors,Cloudy,No injury (O),Signal,Not physically divided (two-way trafficway),Other,1
2019,January,24,1:00 AM - 2:00 AM,Wayne County: Detroit,Not intersection crash,Hit-and-run,Unknown,"County road, city street, or unknown",Local road or unknown,30,Unknown,Suspected minor injury (B),None,Not physically divided (two-way trafficway),Single motor vehicle,1
2019,April,24,10:00 AM - 11:00 AM,Wayne County: Detroit,Intersection crash,Hit-and-run,Daylight,"County road, city street, or unknown",Local road or unknown,15,Clear,Possible injury (C),Stop sign,One-way trafficway,Single motor vehicle,1
2019,May,24,11:00 AM - 12:00 noon,Wayne County: Plymouth,Intersection crash,Not hit-and-run,Daylight,"County road, city street, or unknown",Local road or unknown,25,Cloudy,Suspected minor injury (B),None,Not physically divided (two-way trafficway),Single motor vehicle,1
2019,May,24,8:00 PM - 9:00 PM,Wayne County: Detroit,Intersection crash,Not hit-and-run,Daylight,"County road, city street, or unknown",Local road or unknown,30,Cloudy,Suspected minor injury (B),Signal,Not physically divided (two-way trafficway),Other,2
2019,June,24,10:00 AM - 11:00 AM,Wayne County: Detroit,Intersection crash,Not hit-and-run,Daylight,"County road, city street, or unknown",Local road or unknown,25,Cloudy,Possible injury (C),Stop sign,Not physically divided (two-way trafficway),Single motor vehicle,1
2019,June,24,11:00 PM - 12:00 midnight,Wayne County: Detroit,Not intersection crash,Hit-and-run,Dark lighted,Michigan route,M-3,25,Cloudy,Suspected minor injury (B),None,Not physically divided (two-way trafficway),Other,1
2019,June,24,1:00 AM - 2:00 AM,Wayne County: Detroit,Not intersection crash,Hit-and-run,Dark lighted,Michigan route,M-96\I-96\I-96BS,25,Clear,Suspected serious injury (A),None,Not physically divided (two-way trafficway),Other,1
2019,July,24,9:00 PM - 10:00 PM,Wayne County: Romulus,Not intersection crash,Not hit-and-run,Dark lighted,"County road, city street, or unknown",Local road or unknown,10,Clear,Suspected minor injury (B),None,One-way trafficway,Single motor vehicle,1
2019,July,24,1:00 AM - 2:00 AM,Wayne County: Detroit,Not intersection crash,Not hit-and-run,Dark lighted,Michigan route,M-1,30,Clear,No injury (O),Signal,"Divided highway, median strip, with traffic barrier",Other,1
2019,July,24,2:00 PM - 3:00 PM,Wayne County: Detroit,Intersection crash,Not hit-and-run,Daylight,"County road, city street, or unknown",Local road or unknown,35,Clear,Suspected minor injury (B),Signal,Not physically divided (two-way trafficway),Single motor vehicle,1
2019,July,24,10:00 PM - 11:00 PM,Wayne County: Detroit,Intersection crash,Not hit-and-run,Dark unlighted,"County road, city street, or unknown",Local road or unknown,25,Clear,Suspected serious injury (A),None,Not physically divided (two-way trafficway),Single motor vehicle,1
2019,July,24,10:00 PM - 11:00 PM,Wayne County: Detroit,Intersection crash,Not hit-and-run,Dark unlighted,"County road, city street, or unknown",Local road or unknown,25,Clear,Suspected serious injury (A),None,"Divided highway, median strip, with traffic barrier",Single motor vehicle,1
2019,August,24,6:00 PM - 7:00 PM,Wayne County: Detroit,Intersection crash,Not hit-and-run,Daylight,"County road, city street, or unknown",Local road or unknown,25,Clear,Possible injury (C),Stop sign,"Divided highway, median strip, without traffic barrier",Other,1
2019,September,24,7:00 PM - 8:00 PM,Wayne County: Grosse Pointe Park,Intersection crash,Not hit-and-run,Dark lighted,"County road, city street, or unknown",Local road or unknown,25,Clear,Suspected minor injury (B),Stop sign,Not physically divided (two-way trafficway),Single motor vehicle,1
2019,September,24,7:00 PM - 8:00 PM,Wayne County: Hamtramck,Not intersection crash,Not hit-and-run,Daylight,"County road, city street, or unknown",Local road or unknown,25,Clear,Possible injury (C),None,Not physically divided (two-way trafficway),Single motor vehicle,1
2019,September,24,7:00 PM - 8:00 PM,Wayne County: Detroit,Intersection crash,Hit-and-run,Dark lighted,"County road, city street, or unknown",Local road or unknown,25,Clear,No injury (O),None,Not physically divided (two-way trafficway),Single motor vehicle,1
2019,September,24,Unknown,Wayne County: Detroit,Intersection crash,Hit-and-run,Dark unlighted,"County road, city street, or unknown",Local road or unknown,25,Clear,Suspected minor injury (B),None,Not physically divided (two-way trafficway),Single motor vehicle,1
2019,October,24,10:00 PM - 11:00 PM,Wayne County: Wayne,Not intersection crash,Not hit-and-run,Dark unlighted,"County road, city street, or unknown",Local road or unknown,45,Clear,Possible injury (C),None,"Two-way, with continuous left-turn lane",Other,1
2019,October,24,3:00 PM - 4:00 PM,Wayne County: Detroit,Not intersection crash,Not hit-and-run,Daylight,"County road, city street, or unknown",Local road or unknown,25,Clear,Possible injury (C),None,Not physically divided (two-way trafficway),Other,1
2019,October,24,11:00 PM - 12:00 midnight,Wayne County: Detroit,Intersection crash,Not hit-and-run,Dark lighted,"County road, city street, or unknown",Local road or unknown,35,Clear,Fatal injury (K),None,"Two-way, with continuous left-turn lane",Single motor vehicle,1
2019,October,24,4:00 AM - 5:00 AM,Wayne County: Detroit,Not intersection crash,Hit-and-run,Dusk,Michigan route,M-1,25,Clear,Possible injury (C),Stop sign,Not physically divided (two-way trafficway),Single motor vehicle,1
2019,October,24,9:00 AM - 10:00 AM,Wayne County: Detroit,Not intersection crash,Hit-and-run,Daylight,"County road, city street, or unknown",Local road or unknown,35,Clear,No injury (O),Signal,"Two-way, with continuous left-turn lane",Other,1
2019,November,24,8:00 PM - 9:00 PM,Wayne County: Dearborn,Intersection crash,Hit-and-run,Dark lighted,U.S. route,M-24\US-24\US-24BR,25,Clear,Suspected minor injury (B),None,Not physically divided (two-way trafficway),Other,1
2019,November,24,11:00 PM - 12:00 midnight,Wayne County: Detroit,Intersection crash,Not hit-and-run,Dark lighted,"County road, city street, or unknown",Local road or unknown,30,Clear,No injury (O),None,Not physically divided (two-way trafficway),Single motor vehicle,1
2019,December,24,7:00 PM - 8:00 PM,Wayne County: Detroit,Not intersection crash,Not hit-and-run,Dark lighted,Michigan route,M-102\US-102,40,Clear,Fatal injury (K),None,One-way trafficway,Single motor vehicle,1
2019,December,24,8:00 AM - 9:00 AM,Wayne County: Detroit,Intersection crash,Hit-and-run,Daylight,Michigan route,M-8\US-8,Uncoded & errors,Clear,Suspected serious injury (A),Signal,Not physically divided (two-way trafficway),Other,1
2019,January,25,1:00 AM - 2:00 AM,Wayne County: Detroit,Not intersection crash,Hit-and-run,Dark lighted,"County road, city street, or unknown",Local road or unknown,30,Clear,No injury (O),None,Not physically divided (two-way trafficway),Other,1
2019,February,25,3:00 PM - 4:00 PM,Wayne County: Garden City,Intersection crash,Hit-and-run,Daylight,"County road, city street, or unknown",Local road or unknown,40,Clear,Suspected minor injury (B),Signal,"Two-way, with continuous left-turn lane",Other,1
2019,February,25,2:00 AM - 3:00 AM,Wayne County: Detroit,Not intersection crash,Hit-and-run,Dark lighted,"County road, city street, or unknown",Local road or unknown,35,Snow,Suspected serious injury (A),Signal,Not physically divided (two-way trafficway),Other,1
2019,March,25,7:00 AM - 8:00 AM,Wayne County: Detroit,Not intersection crash,Not hit-and-run,Daylight,"County road, city street, or unknown",Local road or unknown,35,Clear,Suspected serious injury (A),Signal,Not physically divided (two-way trafficway),Single motor vehicle,1
2019,April,25,3:00 PM - 4:00 PM,Wayne County: Canton Twp.,Not intersection crash,Not hit-and-run,Daylight,"County road, city street, or unknown",Local road or unknown,45,Clear,Possible injury (C),Signal,Not physically divided (two-way trafficway),Other,1
2019,April,25,3:00 PM - 4:00 PM,Wayne County: Plymouth,Intersection crash,Not hit-and-run,Daylight,"County road, city street, or unknown",Local road or unknown,35,Cloudy,Suspected minor injury (B),Signal,Not physically divided (two-way trafficway),Other,1
2019,April,25,9:00 PM - 10:00 PM,Wayne County: Wayne,Not intersection crash,Not hit-and-run,Dark unlighted,"County road, city street, or unknown",Local road or unknown,40,Rain,Suspected minor injury (B),None,"Two-way, with continuous left-turn lane",Single motor vehicle,1
2019,May,25,2:00 PM - 3:00 PM,Wayne County: Lincoln Park,Intersection crash,Not hit-and-run,Daylight,Michigan route,M-85,40,Clear,Possible injury (C),None,"Divided highway, median strip, without traffic barrier",Single motor vehicle,1
2019,May,25,9:00 AM - 10:00 AM,Wayne County: Detroit,Not intersection crash,Not hit-and-run,Daylight,"County road, city street, or unknown",Local road or unknown,35,Clear,No injury (O),Signal,Not physically divided (two-way trafficway),Single motor vehicle,1
2019,May,25,5:00 PM - 6:00 PM,Wayne County: Detroit,Not intersection crash,Not hit-and-run,Daylight,Michigan route,M-96\I-96\I-96BS,25,Clear,No injury (O),Signal,Not physically divided (two-way trafficway),Other,1
2019,May,25,10:00 PM - 11:00 PM,Wayne County: Detroit,Not intersection crash,Hit-and-run,Dark lighted,Michigan route,M-3,35,Clear,Possible injury (C),Stop sign,Not physically divided (two-way trafficway),Other,1
2019,June,25,3:00 PM - 4:00 PM,Wayne County: Trenton,Intersection crash,Not hit-and-run,Daylight,"County road, city street, or unknown",Local road or unknown,35,Clear,No injury (O),None,Not physically divided (two-way trafficway),Single motor vehicle,1
2019,July,25,3:00 AM - 4:00 AM,Wayne County: Detroit,Not intersection crash,Hit-and-run,Dark lighted,"County road, city street, or unknown",Local road or unknown,35,Clear,Suspected serious injury (A),None,Not physically divided (two-way trafficway),Single motor vehicle,1
2019,July,25,10:00 PM - 11:00 PM,Wayne County: Detroit,Intersection crash,Hit-and-run,Dark lighted,"County road, city street, or unknown",Local road or unknown,25,Clear,Possible injury (C),Signal,Not physically divided (two-way trafficway),Other,1
2019,August,25,3:00 AM - 4:00 AM,Wayne County: Detroit,Intersection crash,Hit-and-run,Dark unlighted,Michigan route,M-53,35,Clear,Fatal injury (K),Signal,"Two-way, with continuous left-turn lane",Single motor vehicle,1
2019,September,25,8:00 PM - 9:00 PM,Wayne County: Detroit,Intersection crash,Not hit-and-run,Dark unlighted,"County road, city street, or unknown",Local road or unknown,25,Clear,Possible injury (C),Stop sign,Not physically divided (two-way trafficway),Single motor vehicle,1
2019,September,25,8:00 PM - 9:00 PM,Wayne County: Detroit,Not intersection crash,Hit-and-run,Dark unlighted,Michigan route,M-10\US-10\US-10BR,45,Clear,Possible injury (C),Yield sign,Not physically divided (two-way trafficway),Other,1
2019,October,25,2:00 PM - 3:00 PM,Wayne County: Garden City,Intersection crash,Not hit-and-run,Daylight,Michigan route,M-153,40,Cloudy,No injury (O),Signal,"Two-way, with continuous left-turn lane",Single motor vehicle,1
2019,November,25,6:00 PM - 7:00 PM,Wayne County: Detroit,Not intersection crash,Not hit-and-run,Dark lighted,Michigan route,M-39,55,Clear,Fatal injury (K),None,"Divided highway, median strip, with traffic barrier",Other,1
2019,November,25,7:00 AM - 8:00 AM,Wayne County: Detroit,Intersection crash,Not hit-and-run,Daylight,"County road, city street, or unknown",Local road or unknown,35,Clear,Suspected serious injury (A),Signal,Not physically divided (two-way trafficway),Single motor vehicle,1
2019,November,25,7:00 AM - 8:00 AM,Wayne County: Detroit,Intersection crash,Not hit-and-run,Dark lighted,"County road, city street, or unknown",Local road or unknown,35,Clear,No injury (O),Signal,Not physically divided (two-way trafficway),Other,1
2019,December,25,9:00 PM - 10:00 PM,Wayne County: Detroit,Not intersection crash,Not hit-and-run,Dark lighted,Michigan route,M-5,35,Clear,Suspected serious injury (A),None,Not physically divided (two-way trafficway),Other,1
2019,December,25,11:00 PM - 12:00 midnight,Wayne County: Detroit,Not intersection crash,Hit-and-run,Dark lighted,Michigan route,M-8\US-8,35,Clear,Suspected serious injury (A),Signal,Not physically divided (two-way trafficway),Angle,1
2019,December,25,9:00 PM - 10:00 PM,Wayne County: Detroit,Intersection crash,Hit-and-run,Dark unlighted,"County road, city street, or unknown",Local road or unknown,30,Clear,No injury (O),Signal,"Two-way, with continuous left-turn lane",Unknown,1
2019,January,26,11:00 PM - 12:00 midnight,Wayne County: Detroit,Not intersection crash,Not hit-and-run,Dark lighted,Interstate route,M-94\I-94\I-94BL\I-94BR,55,Snow,Suspected minor injury (B),None,"Divided highway, median strip, with traffic barrier",Rear-end,1
2019,January,26,12:00 midnight - 1:00 AM,Wayne County: Detroit,Not intersection crash,Hit-and-run,Unknown,"County road, city street, or unknown",Local road or unknown,30,Unknown,Suspected serious injury (A),None,Not physically divided (two-way trafficway),Single motor vehicle,1
2019,February,26,7:00 PM - 8:00 PM,Wayne County: Northville,Intersection crash,Not hit-and-run,Dark lighted,"County road, city street, or unknown",Local road or unknown,25,Clear,No injury (O),Signal,Not physically divided (two-way trafficway),Other,1
2019,February,26,12:00 midnight - 1:00 AM,Wayne County: Detroit,Not intersection crash,Not hit-and-run,Dusk,Michigan route,M-1,35,Cloudy,Suspected serious injury (A),None,"Divided highway, median strip, without traffic barrier",Single motor vehicle,1
2019,February,26,10:00 PM - 11:00 PM,Wayne County: Detroit,Not intersection crash,Not hit-and-run,Dark lighted,Michigan route,M-85,25,Clear,Suspected minor injury (B),Signal,"Divided highway, median strip, without traffic barrier",Other,1
2019,February,26,7:00 PM - 8:00 PM,Wayne County: Detroit,Not intersection crash,Not hit-and-run,Daylight,"County road, city street, or unknown",Local road or unknown,25,Clear,Possible injury (C),None,Not physically divided (two-way trafficway),Other,1
2019,February,26,12:00 midnight - 1:00 AM,Wayne County: Detroit,Not intersection crash,Hit-and-run,Dusk,"County road, city street, or unknown",Local road or unknown,25,Clear,Suspected minor injury (B),Stop sign,Not physically divided (two-way trafficway),Single motor vehicle,1
2019,February,26,6:00 PM - 7:00 PM,Wayne County: Detroit,Intersection crash,Hit-and-run,Dark lighted,"County road, city street, or unknown",Local road or unknown,35,Clear,Possible injury (C),Signal,Not physically divided (two-way trafficway),Single motor vehicle,1
2019,March,26,12:00 midnight - 1:00 AM,Wayne County: Detroit,Not intersection crash,Hit-and-run,Dark unlighted,"County road, city street, or unknown",Local road or unknown,25,Clear,Suspected minor injury (B),Stop sign,Not physically divided (two-way trafficway),Single motor vehicle,1
2019,April,26,5:00 AM - 6:00 AM,Wayne County: Detroit,Intersection crash,Not hit-and-run,Dark lighted,Michigan route,M-8\US-8,35,Rain,Suspected serious injury (A),Signal,"Two-way, with continuous left-turn lane",Single motor vehicle,1
2019,April,26,5:00 AM - 6:00 AM,Wayne County: Detroit,Intersection crash,Not hit-and-run,Dark lighted,Michigan route,M-8\US-8,35,Rain,No injury (O),Signal,"Two-way, with continuous left-turn lane",Single motor vehicle,1
2019,May,26,9:00 PM - 10:00 PM,Wayne County: Hamtramck,Not intersection crash,Hit-and-run,Dark lighted,"County road, city street, or unknown",Local road or unknown,25,Clear,Suspected serious injury (A),None,One-way trafficway,Single motor vehicle,1
2019,May,26,2:00 AM - 3:00 AM,Wayne County: Detroit,Not intersection crash,Hit-and-run,Dark lighted,Interstate route,M-94\I-94\I-94BL\I-94BR,55,Cloudy,Suspected minor injury (B),None,"Divided highway, median strip, with traffic barrier",Other,1
2019,May,26,1:00 AM - 2:00 AM,Wayne County: Detroit,Intersection crash,Hit-and-run,Dark lighted,"County road, city street, or unknown",Local road or unknown,25,Clear,Possible injury (C),None,Not physically divided (two-way trafficway),Single motor vehicle,1
2019,May,26,2:00 AM - 3:00 AM,Wayne County: Detroit,Intersection crash,Hit-and-run,Dark lighted,Michigan route,M-3,30,Clear,Possible injury (C),Signal,"Divided highway, median strip, without traffic barrier",Other,1
2019,June,26,6:00 PM - 7:00 PM,Wayne County: Detroit,Intersection crash,Not hit-and-run,Daylight,"County road, city street, or unknown",Local road or unknown,25,Clear,Suspected serious injury (A),None,Not physically divided (two-way trafficway),Single motor vehicle,1
2019,July,26,12:00 midnight - 1:00 AM,Wayne County: Detroit,Not intersection crash,Not hit-and-run,Dark lighted,"County road, city street, or unknown",Local road or unknown,Uncoded & errors,Clear,No injury (O),None,"Divided highway, median strip, with traffic barrier",Unknown,1
2019,August,26,8:00 PM - 9:00 PM,Wayne County: Hamtramck,Not intersection crash,Hit-and-run,Dark lighted,"County road, city street, or unknown",Local road or unknown,25,Rain,Suspected serious injury (A),None,Not physically divided (two-way trafficway),Other,1